{"count":1,"self":38.725980799999995,"total":39.5292001,"children":{"InitializeActuators":{"count":1,"self":0.0020039999999999997,"total":0.0020039999999999997,"children":null},"InitializeSensors":{"count":1,"self":0.0030007999999999996,"total":0.0030007999999999996,"children":null},"AgentSendState":{"count":1707,"self":0.0430896,"total":0.1198056,"children":{"CollectObservations":{"count":342,"self":0.0611593,"total":0.0611593,"children":null},"WriteActionMask":{"count":342,"self":0.00099969999999999985,"total":0.00099969999999999985,"children":null},"RequestDecision":{"count":342,"self":0.014556999999999999,"total":0.014556999999999999,"children":null}}},"DecideAction":{"count":1707,"self":0.283672,"total":0.2906822,"children":{"RayPerceptionSensor.Perceive":{"count":342,"self":0.0070101999999999994,"total":0.0070101999999999994,"children":null}}},"AgentAct":{"count":1707,"self":0.38772589999999996,"total":0.38772589999999996,"children":null}},"gauges":{"Shooting.CumulativeReward":{"count":1,"max":45.77815,"min":45.77815,"runningAverage":45.77815,"value":45.77815,"weightedAverage":45.77815}},"metadata":{"timer_format_version":"0.1.0","start_time_seconds":"1686188333","unity_version":"2021.3.17f1","command_line_arguments":"C:\\Program Files\\Unity\\Hub\\Editor\\2021.3.17f1\\Editor\\Unity.exe -projectpath D:\\Documents\\GitHub\\Game-design-using-machine-learning-and-speech-recognition -useHub -hubIPC -cloudEnvironment production","communication_protocol_version":"1.5.0","com.unity.ml-agents_version":"2.3.0-exp.3","scene_name":"CharactorMoveSceneML","end_time_seconds":"1686188372"}}